"ID","Company","EL Date","IBC Date","Est. Close Date","Project Name","EL Expiration Date","Status","Deal Type","Deal Slot","Closed Date","Dead Date","Primary Banker","Practice Area","Industry","Projected Transaction Size","Enterpise Value","Final Transaction Size","Projected Fee","Fee Minimum","Engagment Fee","Fee Details","Split to Corporate","Monthly Retainer","Final Total Sucess Fee","Ownership Class","Referral Type","Referral Source-Company","Referral Scource-Ind.","Description","Team Split-1","Team-1","Team Split-2","Team-2","Team Split-3","Team-3","Team Split-4","Team-4","Team Split-5","Team-5","Team Split-6","Team-6","Fee Split-1","Fee To-1","Fee Split-2","Fee To-2","Fee Split-3","Fee To-3","Fee Split-4","Fee To-4","Fee Split-5","Fee To-5","Fee Split-6","Fee To-6","Paul","McBroom","Pipeline","Month of Close","Gross This","Gross Next"
"498","Admiral Filter Co.","","","11/29/2013","Project Valve","","Closed","Advisory,M&A - Buy-side","Minimum","1/6/2014","","Len LaPorta","","","$4000000","< $10mm","$4000000","$90000","50000","0","","","0","","","Sole Sourced","","Len Laporta","","","Len LaPorta","","","","","","","","","","","","","","","","","","","","","","","0","0","Standard Margine Pipeline - Non-Corporate","","",""
"499","Advanced Lighting Technologies, Inc.","1/6/2014","","7/30/2014","ADLT","","Closed","Divestiture","Wheelhouse","7/11/2014","","Grant Garbers","","Industrials - Aerospace/Defense","$10000000","$10mm - $25mm","$16500000","$500000","500000","25000","","","0","825000","","Practice to Practice","Sole Sourced","Tess Oxenstierna","","","Grant Garbers","","Tess Oxenstierna","","","","","","","","","","","","","","","","","","","","","0","0","Standard Margine Pipeline - Non-Corporate","","",""
"500","Affirmative USA","5/29/2013","","","","","Dead","M&A - Sell-side,","Speculative","","5/27/2014","Dave Francione","","","$15000000","$10mm - $25mm","","","","","","","","","","",""," ","","","Dave Francione","","","","","","","","","","","","","","","","","","","","","","","","","Standard Margine Pipeline - Non-Corporate","","",""
"501","Allegheny Iron & Metal","10/8/2010","","10/31/2012","","","Dead","M&A - Sell-side","Speculative","","","Doug Usifer","","","$30000000","$25mm - $75mm","","$600000","0","30000","","","","","","","","Brad Hall","","","Doug Usifer","","","","","","","","","","","","","","","","","","","","","","","","","Standard Margine Pipeline - Non-Corporate","","",""
"502","Alta Colleges","3/4/2014","3/3/2014","","Project Alpha","","Dead","Capital Formation - Debt,","Minimum","","","Bob Balaban","","Business Services - Education and Training","","","","","150000","0","","","25000","","","Corporate to Practice","","Phil Seefried","","","Bob Balaban","","Phil Seefried","","","","","","","","","","","","","","","","","","","","","","","Standard Margine Pipeline - Non-Corporate","","",""
"503","Ambitions, Inc.","3/20/2014","2/17/2014","8/30/2014","Ambitions, Inc.","","Under LOI","M&A - Sell-side","Wheelhouse","","","David Baker","Healthcare","Healthcare - Services - Home health care","$40000000","$25mm - $75mm","","$400000","","0","","0.20","","","Privately Owned","IBS to Practice","BAML","","","","David Baker","","","","","","","","","","","","","","","","","","","","","","","0","1","IBS - Non-Corporate Pipeline","11/30/2014","400000","0"
"504","Ambre Energy North America, Inc.","4/16/2014","4/14/2014","","Ambre Energy North America, Inc.","","In Market","Capital Formation - Debt","Speculative","","","Joel Schneyer","Energy & Natural Resources","Energy & Natural Resources - Mining - Coal & Uranium","$169000000","< $150mm","","$5000000","","40000","","0.20","40000","","Public","Sole Sourced","Sole Sourced","Ricardo Campoy","1) Arranging acquisition capital to acquire Cloud Peak's 50% joint venture interest in the Decker Coal Company; 2) Arranging acquisition capital to acquire Arch Coal Company's 38% investment in the Millennium Bulk Terminal; 3) Assist in the divestiture of Black Butte Coal Company 4) Other capital raising assignments Ambre might request assistance with","50%","Joel Schneyer","50%","Ricardo Campoy","","","","","","","","","","","","","","","","","","","","","0","0","Standard Margine Pipeline - Non-Corporate","","0","0"
"505","America Works","","4/7/2014","","","","","","","","","Melanie McFaddin","","Business Services - Staffing & Recruitment","","","","","","","","","","","","Sole Sourced",""," ","","","Melanie McFaddin","999%","","","","","","","","","","","","","","","","","","","","","","0","0","Standard Margine Pipeline - Non-Corporate","","",""
"506","Amteck","","5/12/2014","","","","","","","","","Darin Good","","Industrials - Construction Svcs and Homebuilders","","","","","","","","","","","","IBS to Practice",""," ","","","Darin Good","","","","","","","","","","","","","","","","","","","","","","","","","Standard Margine Pipeline - Non-Corporate","","",""
"507","Arc Partners","","4/14/2014","","","","","","","","","Melanie McFaddin","","Business Services - Information Technology Services","","","","","","","","","","","","Sole Sourced",""," ","","","Melanie McFaddin","","","","","","","","","","","","","","","","","","","","","","","","","Standard Margine Pipeline - Non-Corporate","","",""
"508","Arobella Medical","","7/7/2014","","","","","","","","","David Baker","","Healthcare - Devices","","","","","","","","","","","","Sole Sourced",""," ","","","David Baker","","","","","","","","","","","","","","","","","","","","","","","","","Standard Margine Pipeline - Non-Corporate","","",""
"509","Assembled Products Corporation","2/27/2014","2/3/2014","12/30/2014","Project Kickstart","","Pre Market","M&A - Sell-side","Wheelhouse","","","Paul Janson","Industrials","Industrials - Other","$25000000","$25mm - $75mm","","$650000","450000","0","","0.80","12500","","Privately Owned","Corporate to Practice","PKS","Paul Janson","","","Paul Janson","","Bradford Reynolds","","Brad Collins","","","","","","","","","","","","","","","","","","","1","0","Corporate Revenue Pipeline","8/5/2015","0","700000"
"510","Atlas Homewares","3/26/2012","","12/31/2012","Project Hardware","","In Market","M&A - Sell-side","Wheelhouse","","","Darin Good","Industrials","Industrials - Building Products & Construction Services","$8000000","< $10mm","","$400000","","","","0.20","","","Privately Owned","Practice to Practice","Sole Sourced","Brian Mulvaney","Retainer Info : 10K per month for 3 months, then 5K per month for next 6 months.","100%","Darin Good","","","","","","","","","","","","","","","","","","","","","","","0","0","Standard Margine Pipeline - Non-Corporate","12/31/2014","400000","0"
"511","Avenue Code","6/3/2014","5/12/2014","","Project Horizon","","In Market","M&A - Sell-side","Wheelhouse","","","Tyler Comann","Business Services","Technology/Media/Telecom - Other","$15000000","$10mm - $25mm","","$700000","","","","0.20","2500","","Privately Owned","Sole Sourced","","","","100%","Tyler Comann","","","","","","","","","","","","","","","","","","","","","","","0","0","Standard Margine Pipeline - Non-Corporate","8/25/2015","0","700000"
"512","Babcock Lumber Company","","4/14/2014","","","","","","","","","Darin Good","","Industrials - Building Products & Construction Services","","","","","","","","","","","","SC to Practice",""," ","","","Darin Good","","","","","","","","","","","","","","","","","","","","","","","","","Standard Margine Pipeline - Non-Corporate","","",""
"513","Bolova Technologies Group","","8/4/2014","","","","","","","","","Len LaPorta","","Industrials - Manufacturing, Equipment & Materials","","","","","","","","","","","","SC to Practice",""," ","","","Len LaPorta","","","","","","","","","","","","","","","","","","","","","","","","","Standard Margine Pipeline - Non-Corporate","","",""
"514","Bonneville Contracting & Technology","9/5/2013","","","Bonneville Contracting & Technology","","On Hold","M&A - Sell-side","Speculative","","","Tom McConnell","Business Services","Business Services - Physical & Cyber Security","$11000000","$10mm - $25mm","","$500000","","","","0.20","","","Privately Owned","Sole Sourced","Sole Sourced","Thomas McConnell","","100%","Tom McConnell","","","","","","","","","","","","","","","","","","","","","","","0","0","Standard Margine Pipeline - Non-Corporate","","0","0"
"515","BrandAds","3/11/2014","3/10/2014","","BrandAds","","Closed","M&A - Sell-side,","Wheelhouse","5/6/2014","","John Batdorf","","Technology/Media/Telecom - Media - Internet Media and Marketing","$20000000","$10mm - $25mm","$16500000","$450000","450000","0","","","10000","495000","","Sole Sourced","","John Batdorf","","","John Batdorf","","","","","","","","","","","","","","","","","","","","","","","","","Standard Margine Pipeline - Non-Corporate","","",""
"516","Cameron Hughes Wine","5/30/2013","","","","","Dead","Capital Formation - Debt","Minimum","","","William Harrison","","","$7000000","< $10mm","","$400000","400000","0","","","5000","","","",""," ","","","William Harrison","","","","","","","","","","","","","","","","","","","","","","","","","Standard Margine Pipeline - Non-Corporate","","",""
"517","Cascade Hardwood","","3/24/2014","","","","","","","","","Len LaPorta","","Energy & Natural Resources - Forestry, Paper & Pulp","","","","","","","","","","","","Sole Sourced",""," ","","","Len LaPorta","","","","","","","","","","","","","","","","","","","","","","","","","Standard Margine Pipeline - Non-Corporate","","",""
"518","Cochise Capital","12/6/2013","","10/30/2014","Project Gemstone","","On Hold","Capital Formation - Debt","Wheelhouse","","","Paul Janson","Consumer Products","Real Estate - Other","$30000000","$25mm - $75mm","","$600000","","","","0.50","","","Privately Owned","IBS to Practice","UBS","","","","Paul Janson","","Mike Swartz","","","","","","","","","","","","","","","","","","","","","1","0","Corporate Revenue Pipeline","","0","0"
"519","ConneXion360","6/8/2012","","11/30/2012","Project Broadcast","","On Hold","M&A - Sell-side","Wheelhouse","","","Bob Balaban","Business Services","Business Services - Education and Training","$15000000","$10mm - $25mm","","$525000","","","","0.40","","","Privately Owned","IBS to Practice","Deutsche Bank Private Wealth Management","Sava Kobilarov","","100%","Bob Balaban","","Chad Gardiner","","","","","","","","","","","","","","","","","","","","","1","0","Corporate Revenue Pipeline","1/1/2015","0","0"
"520","Coronado Manufacturing, Inc.","11/12/2013","","","Coronado Manufacturing, Inc.","","On Hold","M&A - Sell-side","Wheelhouse","","","David Brinkley","Industrials","Industrials - Aerospace/Defense","$13000000","$10mm - $25mm","","$580000","","","","0.30","","","Privately Owned","IBS to Practice","UBS","David Brinkley","","","David Brinkley","","","","","","","","","","","","","","","","","","","","","","","0","1","IBS - Non-Corporate Pipeline","3/10/2015","0","0"
"521","Credit.com","2/27/2014","2/10/2014","","Credit.com","","Under LOI","M&A - Sell-side","Wheelhouse","","","Gary Moon","TMT","Technology/Media/Telecom - Other","$40000000","$25mm - $75mm","","$1000000","750000","25000","","0.15","25000","","Privately Owned","Sole Sourced","Sole Sourced","Gary Moon","","100%","Gary Moon","","","","","","","","","","","","","","","","","","","","","","","0","0","Standard Margine Pipeline - Non-Corporate","12/16/2014","1200000","0"
"522","CWI Software","4/9/2008","","","Carnaval","","On Hold","M&A - Sell-side","Speculative","","","Horacio Facca","LATAM","Technology/Media/Telecom - Tech - Software","$30000000","$25mm - $75mm","","$1000000","","","","0.25","","","Privately Owned","Sole Sourced","Sole Sourced","Horacio Facca","Projections based on deals in CWI pipeline, which have had a 60% hit rate historically. Exchange rate as of 01/27/2011: 1R$ = 0.60US$. Accordingly, 2011e Revenues are approximately US$22mm. CWI has 500+ employees.","","Horacio Facca","100%","","","","","","","","","","","","","","","","","","","","","","0","0","Standard Margine Pipeline - Non-Corporate","","0","0"
"523","Digital Payment Technologies","7/30/2013","","1/31/2014","Digital Payment Technologies","","Closed","M&A - Sell-side","Wheelhouse","1/31/2014","","Adrian Kingshott","","","$25000000","$25mm - $75mm","$24999000","$500000","400000","0","","","0","625000","","Sole Sourced","","Adrian Kingshott","","","Adrian Kingshott","","","","","","","","","","","","","","","","","","","","","","","0","0","Standard Margine Pipeline - Non-Corporate","","",""
"524","Diversified Coal Corporation","4/23/2013","","","Project Slurry","","In Market","Capital Formation - Debt","Speculative","","","Mike Swartz","Energy & Natural Resources","Energy & Natural Resources - Mining - Coal & Uranium","$25000000","$25mm - $75mm","","$500000","","","","0.20","","","Privately Owned","IBS to Practice","BAML","Phillip Chang","No Financials.","","Mike Swartz","","","","","","","","","","","","","","","","","","","","","","","0","1","IBS - Non-Corporate Pipeline","10/23/2014","0","0"
"525","Dolinka Group","1/6/2014","","9/30/2014","Project Diamond","","Under LOI","M&A - Sell-side","Wheelhouse","","","Bob Balaban","Business Services","Business Services - Professional Services & Consulting","$16000000","$10mm - $25mm","","$750000","450000","","","0.20","10000","","Privately Owned","IBS to Practice","Merrill Lynch & Co. Inc.","","","","Bob Balaban","","","","Chad Gardiner","","","","","","","","","","","","","","","","","","","0","1","IBS - Non-Corporate Pipeline","11/12/2014","400000","0"
"526","Dynatronics Corp. (NasdaqCM:DYNT)","","2/24/2014","","","","","","","","","Jerry Sturgill","","Healthcare - Devices","","","","","","","","","","","","Sole Sourced",""," ","","","Jerry Sturgill","","","","","","","","","","","","","","","","","","","","","","","","","Standard Margine Pipeline - Non-Corporate","","",""
"527","Dynmark","5/30/2013","","8/30/2014","Dynmark","","On Hold","M&A - Sell-side","Wheelhouse","","","Gary Moon","TMT","Technology/Media/Telecom - Tech - Wireless","$30000000","$25mm - $75mm","","$900000","","","","0.15","","","Privately Owned","Sole Sourced","Sole Sourced","Gary Moon","Similar to iLoop.","100%","Gary Moon","","","","","","","","","","","","","","","","","","","","","","","0","0","Standard Margine Pipeline - Non-Corporate","","0","0"
"528","Endra, Inc.","10/11/2012","","","","","Dead","M&A - Sell-side","Minimum","","","David Baker","","","$5000000","< $10mm","","","","15000","","","0","","","","","David Baker","","","David Baker","","","","","","","","","","","","","","","","","","","","","","","","","Standard Margine Pipeline - Non-Corporate","","",""
"529","Engineering Support Personnel, Inc.","8/1/2013","","","","","Dead","M&A - Sell-side","Wheelhouse","","","Tess Oxenstierna","","","$8000000","< $10mm","","$400000","400000","20000","","","12000","","","","","Bob Balaban","","","Tess Oxenstierna","","","","","","","","","","","","","","","","","","","","","","","","","Standard Margine Pipeline - Non-Corporate","","",""
"530","Eureka Petroleum","4/29/2014","4/28/2014","","Eureka Petroleum","","Pre Market","Capital Formation - Debt,Capital Formation - Equity","Wheelhouse","","","Macy/Pietravalle","Energy & Natural Resources","Energy & Natural Resources - Oil & Gas - E&P","$100000000","< $150mm","","$4000000","750000","0","","0.20","20000","","Privately Owned","IBS to Practice","BAML","","","","Macy/Pietravalle","","","","","","","","","","","","","","","","","","","","","","","1","0","Corporate Revenue Pipeline","8/11/2015","0","4500000"
"531","eWise","11/2/2012","","","","","Dead","M&A - Sell-side,","Minimum","","","Bob Balaban","","","$6000000","< $10mm","","$300000","250000","0","","","5000","","","","","Bob Balaban","","","Bob Balaban","","","","","","","","","","","","","","","","","","","","","","","","","Standard Margine Pipeline - Non-Corporate","","",""
"532","Federated National Holding Company","2/3/2014","5/5/2014","9/30/2014","Project Sidecar","","Under LOI","Capital Formation - Equity","Speculative","","","Adrian Kingshott","Financial Institutions","Financial Services - Insurance","$10000000","$10mm - $25mm","","$600000","","50000","","0.30","","","Public","Sole Sourced","Sole Sourced","","","100%","Adrian Kingshott","","Bradford Reynolds","","","","","","","","","","","","","","","","","","","","","0","0","Standard Margine Pipeline - Non-Corporate","9/30/2014","500000","0"
"533","Fins, Furs & Feathers Inc.","5/9/2013","","10/30/2014","Project FishTank","","In Market","M&A - Sell-side","Wheelhouse","","","Peter Nam","Consumer Products","Consumer & Retail - Specialty Retailing","$15000000","$10mm - $25mm","","$500000","","","","0.20","","","Privately Owned","Sole Sourced","Sole Sourced","Peter Nam","","100%","Peter Nam","","","","","","","","","","","","","","","","","","","","","","","0","0","Standard Margine Pipeline - Non-Corporate","12/30/2014","450000","0"
"534","Focus Four Holdings","6/1/2012","","","","","Dead","M&A - Sell-side","Wheelhouse","","","Tom McConnell","","","$15000000","$10mm - $25mm","","$620000","300000","","","0.00","10000","","","","","Phil Seefried","","","Tom McConnell","","","","","","","","","","","","","","","","","","","","","","","","","Standard Margine Pipeline - Non-Corporate","","",""
"535","French Transit, Ltd.","1/1/2014","","3/30/2015","Project Blue","","In Market","M&A - Sell-side","Wheelhouse","","","Tyler Comann","Consumer Products","Consumer & Retail - Organic/Natural Foods/Nutraceuticals (Healthy Living)","$15000000","$10mm - $25mm","","$400000","","0","","0.20","10000","","Privately Owned","Sole Sourced","Sole Sourced","","","100%","Tyler Comann","","Bill Harrison","","Shaun Kalnasy","","","","","","","","","","","","","","","","","","","0","0","Standard Margine Pipeline - Non-Corporate","10/28/2014","0","0"
"536","Geosyntec Consultants, Inc.","2/5/2014","","9/30/2014","Geosyntec Consultants, Inc.","","Under LOI","Capital Formation - Equity,Divestiture","Minimum","","","Samrat Karnik","Industrials","Industrials - Technology - Controls, Instruments & Sensors","$5000000","< $10mm","","$300000","225000","0","","0.20","5000","","Privately Owned","Sole Sourced","Sole Sourced","Samrat Karnik","","100%","Samrat Karnik","","","","","","","","","","","","","","","","","","","","","","","0","0","Standard Margine Pipeline - Non-Corporate","9/17/2014","275000","0"
"537","Gigacom","9/26/2011","","","Cherry","","On Hold","M&A - Sell-side","Wheelhouse","","","Horacio Facca","LATAM","Technology/Media/Telecom - Telecom","$79000000","$75mm - $100mm","","$1000000","","","","0.20","","","Privately Owned","Sole Sourced","Sole Sourced","Horacio Facca","","","Horacio Facca","","","","","","","","","","","","","","","","","","","","","","","0","0","Standard Margine Pipeline - Non-Corporate","","0","0"
"538","GOBCO","","7/7/2014","","","","","","","","","Ray McCormick","","Energy & Natural Resources - Mining - Coal & Uranium","","","","","","","","","","","","IBS to Practice",""," ","","","Ray McCormick","","","","","","","","","","","","","","","","","","","","","","","","","Standard Margine Pipeline - Non-Corporate","","",""
"539","GoSmile, Inc.","6/2/2014","5/30/2014","","Project Pearl","","Pre Market","M&A - Sell-side","Minimum","","","Bill Harrison","Consumer Products","Consumer & Retail - Branded Consumer/Private Label","$8000000","< $10mm","","$400000","250000","25000","","0.20","0","","Private Equity Owned","Sole Sourced","","","","100%","Bill Harrison","","Chad Gardiner","","","","","","","","","","","","","","","","","","","","","0","0","Standard Margine Pipeline - Non-Corporate","1/20/2015","0","400000"
"540","GSI Group, Inc.","6/25/2013","","7/30/2014","Project Clare & Jacket","","Closed","Divestiture","Minimum","7/25/2014","","Grant Garbers","","","$15000000","$10mm - $25mm","$12000000","$800000","300000","0","","","12000","300000","","Sole Sourced","Sole Sourced","Grant Garbers","","","Grant Garbers","","","","","","","","","","","","","","","","","","","","","","","","","Standard Margine Pipeline - Non-Corporate","","",""
"541","Gulf Coast Refining","","7/28/2014","","","","","","","","","Michael Swartz","","Energy & Natural Resources - Oil & Gas - Refining & Storage","","","","","","","","","","","","Sole Sourced",""," ","","","Michael Swartz","","","","","","","","","","","","","","","","","","","","","","","","","Standard Margine Pipeline - Non-Corporate","","",""
"542","Gutmann AG / ALCO","12/11/2012","","9/14/2013","","","Dead","M&A - Sell-side","Wheelhouse","","","Len LaPorta","","","$100000000","< $150mm","","$2500000","1000000","10000","","9.99","8000","","","","Aegean Baltic Bank S.A."," ","","","Len LaPorta","","","","","","","","","","","","","","","","","","","","","","","","","Standard Margine Pipeline - Non-Corporate","","",""
"543","GWACS Defense","6/10/2013","","","","","Dead","Capital Formation - Equity","Speculative","","5/28/2014","Tess Oxenstierna","","","$10000000","$10mm - $25mm","","","","","","","","","","",""," ","","","Tess Oxenstierna","","","","","","","","","","","","","","","","","","","","","","","","","Standard Margine Pipeline - Non-Corporate","","",""
"544","Igloo Products","7/17/2014","","","Project Cooler","","In Market","M&A - Buy-side","Speculative","","","Bill Harrison","Consumer Products","Consumer & Retail - Specialty Retailing","$20000000","$10mm - $25mm","","","","0","","0.20","10000","","Private Equity Owned","Sole Sourced","Igloo Products","","","100%","Bill Harrison","","","","","","","","","","","","","","","","","","","","","","","0","0","Standard Margine Pipeline - Non-Corporate","","0","0"
"545","Iniziativa Prima - Alitalia Maintenance Systems","6/26/2012","","","","6/25/2013","Dead","M&A - Sell-side","Minimum","","","Tess Oxenstierna","","","$15000000","$10mm - $25mm","","$450000","300000","","","","3500","","","",""," ","","","Tess Oxenstierna","","","","","","","","","","","","","","","","","","","","","","","","","Standard Margine Pipeline - Non-Corporate","","",""
"546","Innflux","1/7/2014","","9/30/2014","Project Innovation","","Under LOI","M&A - Sell-side","Wheelhouse","","","Gary Moon","TMT","Technology/Media/Telecom - Telecom - Services","$13000000","$10mm - $25mm","","$600000","500000","0","","0.15","10000","","Privately Owned","Sole Sourced","Sole Sourced","Gary Moon","","100%","Gary Moon","","","","","","","","","","","","","","","","","","","","","","","0","0","Standard Margine Pipeline - Non-Corporate","9/16/2014","500000","0"
"547","Inovus Solar","","7/21/2014","","","","","","","","","Michael Swartz","","Energy & Natural Resources - Alternative - Solar","","","","","","","","","","","","IBS to Practice",""," ","","","Michael Swartz","","","","","","","","","","","","","","","","","","","","","","","","","Standard Margine Pipeline - Non-Corporate","","",""
"548","InternetQ","5/3/2013","","","","","Dead","Capital Formation - Equity","Wheelhouse","","5/27/2014","Gary Moon","","","$45000000","$25mm - $75mm","","","","","","","","","","",""," ","","","Gary Moon","","","","","","","","","","","","","","","","","","","","","","","","","Standard Margine Pipeline - Non-Corporate","","",""
"549","iON Worldwide, LLC","1/23/2014","1/13/2014","10/1/2014","Project Focus","","In Market","Capital Formation - Debt","Minimum","","","Darin Good","Consumer Products","Consumer & Retail - Specialty Retailing","$12500000","$10mm - $25mm","","$400000","200000","","","0.20","","","Privately Owned","Sole Sourced","Sole Sourced","Darin Good","","100%","Darin Good","","","","","","","","","","","","","","","","","","","","","","","0","0","Standard Margine Pipeline - Non-Corporate","9/29/2014","200000","0"
"550","Isonas","9/10/2013","","","Isonas","","Closed","Capital Formation - Equity","Speculative","9/17/2014","","Tom McConnell","Business Services","Business Services - Physical & Cyber Security","$15000000","$10mm - $25mm","$3000000","$600000","450000","","","0.20","7500","207500","Privately Owned","Sole Sourced","Sole Sourced","Thomas McConnell","","100%","Tom McConnell","","","","","","","","","","","","","","","","","","","","","","","0","0","Standard Margine Pipeline - Non-Corporate","9/30/2014","0","0"
"551","Jay Harpole","1/29/2014","","","Project Apex","","Dead","M&A - Sell-side, Licensing","Wheelhouse","","","Joel Schneyer","","Energy & Natural Resources - Oil & Gas - E&P","$50000000","$25mm - $75mm","","$750000","0","0","","","0","","","IBS to Practice","Deutsche Bank Private Wealth Management","Jay Pickett","","","Joel Schneyer","","","","","","","","","","","","","","","","","","","","","","","","","Standard Margine Pipeline - Non-Corporate","","",""
"552","Joshi Technologies International","4/18/2014","4/28/2014","","Joshi Technologies International","","In Market","Capital Formation - Debt,Capital Formation - Equity","Wheelhouse","","","Macy/Pietravalle","Energy & Natural Resources","Energy & Natural Resources - Energy Services - Drilling & Energy Fluids","$50000000","$25mm - $75mm","","$2000000","","0","","0.40","10000","","Privately Owned","IBS to Practice","BAML","","","","Paul Janson","","Bradford Reynolds","","","","","","","","","","","","","","","","","","","","","1","0","Corporate Revenue Pipeline","12/10/2014","3000000","0"
"553","Kustom Signals, Inc.","5/5/2014","","","Project Citation","","In Market","M&A - Sell-side","Wheelhouse","","","Samrat Karnik","Industrials","Industrials - Manufacturing, Equipment & Materials","$20000000","$10mm - $25mm","","$500000","650000","","","0.38","","","Private Equity Owned","MA to Practice","Catalyst Corporate Finance LLP","","","","Samrat Karnik","","Paul Janson","","Bradford Reynolds","","Brad Collins","","","","","","","","","","","","","","","","","1","0","Corporate Revenue Pipeline","10/18/2014","650000","0"
"554","Lapmaster International","9/2/2013","","6/5/2014","Project Midway","","Closed","Capital Formation - Debt,Recapitalization,","Wheelhouse","7/3/2014","","Len LaPorta","","","$62000000","$25mm - $75mm","$62000000","$2200000","650000","25000","","","25000","1989025","","SC to Practice","Headwaters SC","Jim Bly","","","Len LaPorta","","","","","","","","","","","","","","","","","","","","","","","","","Standard Margine Pipeline - Non-Corporate","","",""
"555","Legal Coverage Group","7/17/2014","","","Project Benefit","","Pre Market","Capital Formation - Debt","Wheelhouse","","","Phil Seefried","Business Services","Business Services - Support Services - BPO","$25000000","$25mm - $75mm","","$750000","450000","","","0.80","","","Privately Owned","SC to Practice","","","","","Phil Seefried","","Bradford Reynolds","","","","","","","","","","","","","","","","","","","","","1","0","Corporate Revenue Pipeline","12/23/2014","800000","0"
"556","LocalResponse","10/2/2013","","","","","Dead","M&A - Sell-side","Wheelhouse","","5/27/2014","Gary Moon","","","$45000000","$25mm - $75mm","","","","","","","","","","",""," ","","","Gary Moon","","","","","","","","","","","","","","","","","","","","","","","","","Standard Margine Pipeline - Non-Corporate","","",""
"557","Longwall Associates","10/15/2013","","","Project Armour","","In Market","M&A - Sell-side","Wheelhouse","","","Jack Maier","Industrials","Industrials - Manufacturing, Equipment & Materials","$77000000","$75mm - $100mm","","$1900000","","","","0.85","","","Privately Owned","IBS to Practice","UBS","","","","Jack Maier","","","","","","","","","","","","","","","","","","","","","","","1","0","Corporate Revenue Pipeline","1/30/2015","0","1600000"
"558","Mazza & Sons","7/31/2011","","","","","Dead","M&A - Sell-side,","Wheelhouse","","4/4/2014","Doug Usifer","","","$21000000","$10mm - $25mm","","$675000","0","","","","5000","","","","","Brad Hall","","","Doug Usifer","","","","","","","","","","","","","","","","","","","","","","","","","Standard Margine Pipeline - Non-Corporate","","",""
"559","Medsphere Systems Corporation","10/17/2013","","","","","Dead","M&A - Sell-side","Wheelhouse","","","David Baker","","","$50000000","$25mm - $75mm","","$2000000","400000","0","","","10000","","","","","Gary Moon","","","David Baker","","","","","","","","","","","","","","","","","","","","","","","","","Standard Margine Pipeline - Non-Corporate","","",""
"560","Mercer Group International","10/17/2012","","","Mercer Group International","","In Market","M&A - Sell-side","Wheelhouse","","","Doug Usifer","Industrials","Business Services - Waste Management & Recycling","$25000000","$10mm - $25mm","","$475000","","","","0.20","","","Privately Owned","Sole Sourced","Sole Sourced","Doug Usifer","Privately Owned.","100%","Doug Usifer","","","","","","","","","","","","","","","","","","","","","","","0","0","Standard Margine Pipeline - Non-Corporate","","0","0"
"561","Milestone Technologies, Inc.","3/20/2014","3/24/2014","","Project AIM","","In Market","M&A - Sell-side","Wheelhouse","","","Tyler Comann","Business Services","Business Services - Information Technology Services","$30000000","$25mm - $75mm","","$750000","500000","","","0.40","10000","","Privately Owned","Sole Sourced","Sole Sourced","","","100%","Tyler Comann","","","","","","","","","","","","","","","","","","","","","","","0","0","Standard Margine Pipeline - Non-Corporate","11/30/2014","850000","0"
"562","Mirasys","9/10/2013","","","Mirasys","","Under LOI","M&A - Sell-side","Minimum","","","Tom McConnell","Business Services","Business Services - Physical & Cyber Security","$25000000","$10mm - $25mm","","$1000000","","","","0.20","","","Privately Owned","Sole Sourced","Sole Sourced","Thomas McConnell","","100%","Tom McConnell","","","","","","","","","","","","","","","","","","","","","","","0","0","Standard Margine Pipeline - Non-Corporate","10/28/2014","0","0"
"563","MKS Instruments, Inc.","1/27/2014","","","MKS Instruments, Inc.","","Dead","M&A - Buy-side,","Speculative","","5/5/2014","Grant Garbers","","Industrials - Technology - Controls, Instruments & Sensors","$17000000","$10mm - $25mm","","$300000","300000","0","","","15000","","","Sole Sourced","","John Ippolito","","","Grant Garbers","","","","","","","","","","","","","","","","","","","","","","","","","Standard Margine Pipeline - Non-Corporate","","",""
"564","Nelson Pipeline Constructors","8/2/2013","","","Project Pipe","","In Market","M&A - Sell-side","Speculative","","","Darin Good","Industrials","Industrials - Building Products & Construction Services","$15000000","$10mm - $25mm","","$750000","","","","0.20","","","Privately Owned","Sole Sourced","Sole Sourced","Brian Krehbiel","","100%","Darin Good","","","","","","","","","","","","","","","","","","","","","","","0","0","Standard Margine Pipeline - Non-Corporate","1/19/2015","0","1000000"
"565","NexLube","6/18/2013","","","NexLube","","In Market","Capital Formation - Equity","Wheelhouse","","","CJ Hummel","Energy & Natural Resources","Energy & Natural Resources - Oil & Gas - Refining & Storage","$40000000","$25mm - $75mm","","$600000","","","","0.20","","","Privately Owned","Sole Sourced","Sole Sourced","CJ Hummel","","100%","CJ Hummel","","","","","","","","","","","","","","","","","","","","","","","0","0","Standard Margine Pipeline - Non-Corporate","","0","0"
"566","Nuclear Care Partners, LLC","","2/17/2014","","","","","","","","","David Baker","","Healthcare - Services - Home health care","","","","","","","","","","","","Sole Sourced",""," ","","","David Baker","","","","","","","","","","","","","","","","","","","","","","","","","Standard Margine Pipeline - Non-Corporate","","",""
"567","Onsite Health","4/1/2013","","","Onsite Health","","On Hold","M&A - Sell-side","Minimum","","","Phil Seefried","Healthcare","Healthcare - Services","$30000000","$25mm - $75mm","","$325000","","","","0.60","","","Private Equity Owned","Sole Sourced","Sole Sourced","Phil Seefried","No Financials.","","Phil Seefried","","","","","","","","","","","","","","","","","","","","","","","1","0","Corporate Revenue Pipeline","1/30/2015","0","400000"
"568","Opes Resources Inc.","","","9/12/2012","","1/31/2013","Dead","Capital Formation - Debt","Speculative","","3/25/2014","Ricardo Campoy","","","$72000000","$25mm - $75mm","","$1800000","0","0","","","0","","","","","Joel Schneyer","","","Ricardo Campoy","","","","","","","","","","","","","","","","","","","","","","","","","Standard Margine Pipeline - Non-Corporate","","",""
"569","Options Group","","3/10/2014","","","","","","","","","Chad Gardiner","","Business Services - Professional Services & Consulting","","","","","","","","","","","","IBS to Practice",""," ","","","Chad Gardiner","","","","","","","","","","","","","","","","","","","","","","","","","Standard Margine Pipeline - Non-Corporate","","",""
"570","PACOPS","7/21/2014","7/16/2014","","Project Black Bear","","Pre Market","Capital Formation - Equity","Wheelhouse","","","Macy/Pietravalle","Energy & Natural Resources","Energy & Natural Resources - Oil & Gas - E&P","$50000000","$25mm - $75mm","","$1500000","450000","20000","","0.40","10000","","Privately Owned","IBS to Practice","Barclays","","","","Macy/Pietravalle","","","","","","","","","","","","","","","","","","","","","","","1","0","Corporate Revenue Pipeline","6/2/2015","0","2000000"
"571","People Express Airlines","4/10/2013","","","","","Dead","Capital Formation - Equity","Speculative","","4/4/2014","Jeff Ackerman","","","$50000000","$25mm - $75mm","","$2000000","750000","0","","","15000","","","","","Jeff Ackerman","","","Jeff Ackerman","","","","","","","","","","","","","","","","","","","","","","","","","Standard Margine Pipeline - Non-Corporate","","",""
"572","Perfect Market","10/8/2013","","7/30/2014","Perfect Market","","Closed","M&A - Sell-side","Wheelhouse","7/29/2014","","Sun Jen Yung","","","$35000000","$25mm - $75mm","$34000000","$1000000","800000","0","","","12500","1023250","","Sole Sourced","Sole Sourced","Sun Jen Yung","","","Sun Jen Yung","","","","","","","","","","","","","","","","","","","","","","","","","Standard Margine Pipeline - Non-Corporate","","",""
"573","Phillips Screw Company","5/2/2014","4/3/2014","","Project Bond","","Pre Market","M&A - Sell-side","Wheelhouse","","","Ian Cookson","Industrials","Industrials - Aerospace/Defense","$20000000","$10mm - $25mm","","$900000","550000","","","0.30","15000","","Privately Owned","Sole Sourced","Sole Sourced","Ian Cookson","","100%","Ian Cookson","","Olivia Moran","","","","","","","","","","","","","","","","","","","","","0","0","Standard Margine Pipeline - Non-Corporate","3/31/2015","0","550000"
"574","PhotoGenesis","6/23/2014","6/9/2014","","Project Distributed Generation","","Pre Market","Capital Formation - Equity","Wheelhouse","","","Mike Swartz","Energy & Natural Resources","Energy & Natural Resources - Alternative - Solar","$30000000","$25mm - $75mm","","$750000","350000","0","","0.20","0","","Privately Owned","Sole Sourced","","","","50%","Mike Swartz","50%","CJ Hummel","","","","","","","","","","","","","","","","","","","","","0","0","Standard Margine Pipeline - Non-Corporate","8/19/2015","0","0"
"575","PhysAssist Scribes, Inc.","","","","","","Dead","M&A - Sell-side","Wheelhouse","","5/27/2014","Bob Balaban","","","$25000000","$25mm - $75mm","","","","","","0.35","","","","","","","","","Paul Janson","","Chad Gardiner","","","","","","","","","","","","","","","","","","","","","1","0","Corporate Revenue Pipeline","2/1/2015","0","0"
"576","Plastiblok","3/11/2013","","","","","Dead","Licensing","Minimum","","8/6/2014"," ","","","$5000000","$10mm - $25mm","","","","","","","","","","",""," ","",""," ","","","","","","","","","","","","","","","","","","","","","","","","","Standard Margine Pipeline - Non-Corporate","","",""
"577","Precision Opinion","5/8/2013","","","Project Crowd","","On Hold","M&A - Sell-side","Minimum","","","Bob Balaban","Business Services","Business Services - Support Services - BPO","$7000000","< $10mm","","$300000","","","","0.20","","","Privately Owned","Sole Sourced","Sole Sourced","Bob Balaban","","100%","Bob Balaban","","Chad Gardiner","","","","","","","","","","","","","","","","","","","","","0","0","Standard Margine Pipeline - Non-Corporate","","0","0"
"578","Protonex","","","","","","Dead","Advisory","Minimum","","5/28/2014","Tess Oxenstierna","","","$400000","< $10mm","","","","","","","","","","",""," ","","","Tess Oxenstierna","","","","","","","","","","","","","","","","","","","","","","","","","Standard Margine Pipeline - Non-Corporate","","",""
"579","Qualfon","3/20/2012","","7/30/2014","Project Talk 3","","In Market","M&A - Buy-side","Minimum","","","Bob Balaban","Business Services","Business Services - Support Services - Call Centers","$8000000","$10mm - $25mm","","$500000","","","","0.30","","","Privately Owned","IBS to Practice","UBS","","","","Bob Balaban","","","","","","","","","","","","","","","","","","","","","","","0","0","IBS - Non-Corporate Pipeline","","0","0"
"580","Qualfon","","","","Project Talk","","Closed","M&A - Buy-side","Speculative","5/5/2014","","Bob Balaban","","","$9000000","$10mm - $25mm","$25000000","$750000","750000","","","","","1375000","","IBS to Practice","UBS"," ","","","Bob Balaban","","","","","","","","","","","","","","","","","","","","","","","","","Standard Margine Pipeline - Non-Corporate","","",""
"581","Quantum Technology Sciences, Inc.","7/10/2012","","","","","Dead","Capital Formation - Equity","Minimum","","4/4/2014","Tom McConnell","","","$7500000","< $10mm","","$300000","0","","","","10000","","","","","Len Laporta","","","Tom McConnell","","","","","","","","","","","","","","","","","","","","","","","","","Standard Margine Pipeline - Non-Corporate","","",""
"582","RAVN Alaska","4/23/2014","4/7/2014","","RAVN Alaska","","Pre Market","M&A - Sell-side","Wheelhouse","","","Jack Maier","Industrials","Industrials - Aerospace/Defense","$150000000","< $150mm","","$3000000","1000000","20000","","0.50","20000","","Privately Owned","IBS to Practice","Barclays","","","","Jack Maier","","Ian Cookson","","Brad Collins","","Olivia Moran","","","","","","","","","","","","","","","","","1","0","Standard Margine Pipeline - Non-Corporate","2/18/2015","0","2500000"
"583","Relevant Ads","6/5/2013","","","Relevant Ads","","In Market","Capital Formation - Equity,M&A - Sell-side","Minimum","","","John Batdorf","TMT","Technology/Media/Telecom - Tech - Software","$25000000","$25mm - $75mm","","$1000000","","","","0.15","","","Privately Owned","Sole Sourced","Sole Sourced","John Batdorf","","","John Batdorf","","","","","","","","","","","","","","","","","","","","","","","0","0","Standard Margine Pipeline - Non-Corporate","11/19/2014","0","0"
"584","Restaurant.com, Inc.","10/25/2013","","","Restaurant.com, Inc.","","In Market","M&A - Sell-side,","Wheelhouse","","","Sun Jen Yung","TMT","Technology/Media/Telecom - Media - Internet Media and Marketing","$40000000","$25mm - $75mm","","$1250000","","","","","","","Privately Owned","Practice to Practice","Sole Sourced","David Francione","","","Sun Jen Yung","","","","","","","","","","","","","","","","","","","","","","","","","Standard Margine Pipeline - Non-Corporate","","",""
"585","Rhino Metals","2/13/2014","1/20/2014","","Project Protect","","On Hold","M&A - Sell-side","Speculative","","","Jerry Sturgill","Consumer Products","Consumer & Retail - Other","$17500000","$10mm - $25mm","","$525000","420000","0","","0.20","10000","","Privately Owned","Sole Sourced","Sole Sourced","Jerry Sturgill","","100%","Jerry Sturgill","","","","","","","","","","","","","","","","","","","","","","","0","0","Standard Margine Pipeline - Non-Corporate","","0","0"
"586","Rivet Software","4/5/2013","","","Project X","","Closed","Capital Formation - Equity","Minimum","9/29/2014","","Tom McConnell","Business Services","Technology/Media/Telecom - Tech - Software","$10000000","$10mm - $25mm","","$430000","430000","0","","0.20","5000","560000","Privately Owned","Sole Sourced","","Thomas McConnell","","100%","Tom McConnell","","","","","","","","","","","","","","","","","","","","","","","0","0","Standard Margine Pipeline - Non-Corporate","8/31/2014","430000","0"
"587","Serra Nova Mineracao S/A","","4/14/2014","","","","","","","","","Horacio Facca","","Energy & Natural Resources - Mining","","","","","","","","","","","","Sole Sourced",""," ","","","Horacio Facca","","","","","","","","","","","","","","","","","","","","","","","","","Standard Margine Pipeline - Non-Corporate","","",""
"588","SFO Shuttle","12/20/2012","","","","","Dead","M&A - Sell-side","Minimum","","7/31/2014"," ","","","$17000000","$10mm - $25mm","","","","","","","","","","",""," ","",""," ","","","","","","","","","","","","","","","","","","","","","","","","","Standard Margine Pipeline - Non-Corporate","","",""
"589","SK Trucking","3/7/2014","1/20/2014","","Project Quorum","","In Market","M&A - Buy-side","Speculative","","","Ted Kinsman","Energy & Natural Resources","Energy & Natural Resources - Energy Services","$19915000","$10mm - $25mm","","$995750","500000","","","0.20","0","","Privately Owned","Sole Sourced","Sole Sourced","Sam Hill","Quorum has submitted an initial LOI to acquire SK for $19.9mm.","50%","Ted Kinsman","50%","","","","","","","","","","","","","","","","","","","","","","0","0","Standard Margine Pipeline - Non-Corporate","","0","0"
"590","Snap Infusion, LLC","6/11/2013","","","","","Dead","Capital Formation - Equity","Wheelhouse","","","Jeff Ackerman","","","$8500000","< $10mm","","$400000","300000","","","","10000","","","",""," ","","","Jeff Ackerman","","","","","","","","","","","","","","","","","","","","","","","","","Standard Margine Pipeline - Non-Corporate","","",""
"591","Spring Partners","","3/24/2014","","","","","","","","","Sun Jen Yung","","Technology/Media/Telecom - Tech","","","","","","","","","","","","Sole Sourced",""," ","","","Sun Jen Yung","","","","","","","","","","","","","","","","","","","","","","","","","Standard Margine Pipeline - Non-Corporate","","",""
"592","Stell Environmental Enterprises, Inc.","11/1/2012","","","Project Yellowstone","","In Market","M&A - Sell-side","Minimum","","","Bob Balaban","Business Services","Business Services - Engineering, Architecture, Design Firms","$7000000","< $10mm","","$360000","","","","0.20","","","Privately Owned","Sole Sourced","Sole Sourced","Bob Balaban","","100%","Bob Balaban","","Chad Gardiner","","","","","","","","","","","","","","","","","","","","","0","0","Standard Margine Pipeline - Non-Corporate","","0","0"
"593","Sunergy World, Inc.","6/17/2013","","","","","Dead","Capital Formation - Debt, Capital Formation - Equity","Minimum","","5/27/2014","Michael Swartz","","","$10000000","$10mm - $25mm","","","","","","","","","","",""," ","","","Michael Swartz","","","","","","","","","","","","","","","","","","","","","","","","","Standard Margine Pipeline - Non-Corporate","","",""
"594","Sweeteners Plus","5/27/2014","","","Project Gusto","","Pre Market","M&A - Sell-side","Wheelhouse","","","Doug Usifer","Chemicals & Plastics","Industrials - Chemicals","$90000000","$75mm - $100mm","","$1800000","500000","50000","","0.36","0","","Privately Owned","IBS to Practice","BAML","","","","Doug Usifer","","","","","","","","","","","","","","","","","","","","","","","1","0","Corporate Revenue Pipeline","3/8/2015","0","1000000"
"595","Tateyama Farms","2/13/2014","3/3/2014","8/30/2014","Project Dairy","","Closed","M&A - Sell-side","Minimum","8/22/2014","","Dale Heims","Consumer Products","Consumer & Retail - Agribusiness","$14000000","$10mm - $25mm","$10000000","$400000","250000","25000","","0.20","0","250000","Privately Owned","IBS to Practice","UBS","","","","Dale Heims","","","","","","","","","","","","","","","","","","","","","","","0","1","IBS - Non-Corporate Pipeline","8/31/2014","250000","0"
"596","Tecopesca","4/29/2013","","","Tecopesca","","In Market","M&A - Sell-side","Speculative","","","Horacio Facca","LATAM","Consumer & Retail - Food Processing and Distribution","$120000000","< $150mm","","$6300000","","","","0.20","","","Privately Owned","IBS to Practice","BAML","Lily Tapia","Financials include Tecopesca, Bilbosa, T+B and Manabita. All companies are being sold as a group.","","Horacio Facca","","","","","","","","","","","","","","","","","","","","","","","0","1","IBS - Non-Corporate Pipeline","12/31/2014","0","0"
"597","Two Rivers Pipeline","9/4/2013","","","Project Dos Rios","","Pre Market","M&A - Sell-side","Speculative","","","Peter Nam","Energy & Natural Resources","Energy & Natural Resources - Oil & Gas - Refining & Storage","$72500000","$25mm - $75mm","","$1500000","","","","0.20","","","Privately Owned","Sole Sourced","Sole Sourced","Peter Nam","","100%","Peter Nam","","","","","","","","","","","","","","","","","","","","","","","0","0","Standard Margine Pipeline - Non-Corporate","","0","0"
"598","WestComm, Inc.","6/9/2014","6/2/2014","","Project Eagle","","Pre Market","Capital Formation - Equity","Minimum","","","Rick deNey","Industrials","Industrials - Aerospace/Defense","$8000000","< $10mm","","$480000","300000","0","","0.20","10000","","Privately Owned","Sole Sourced","WestComm, Inc.","","","100%","Rick deNey","","Len LaPorta","","","","","","","","","","","","","","","","","","","","","0","0","Standard Margine Pipeline - Non-Corporate","","0","0"
"599","Wex, Inc.","11/12/2013","","8/30/2014","Project Passport","","Closed","M&A - Sell-side,","Wheelhouse","7/31/2014","","Dave Francione","","","$40000000","$25mm - $75mm","$53600000","$750000","750000","20000","","9.99","20000","1340000","","IBS to Practice","BAML"," ","","","Dave Francione","","","","","","","","","","","","","","","","","","","","","","","","","Standard Margine Pipeline - Non-Corporate","","",""
"600","White Mountain","3/19/2014","","","White Mountain","","In Market","M&A - Sell-side","Minimum","","","Jeff Ackerman","Consumer Products","Consumer & Retail - Apparel","$50000000","$25mm - $75mm","","$162500","162500","0","","0.20","0","","Privately Owned","Sole Sourced","Sole Sourced","Jeff Ackerman","","100%","Jeff Ackerman","","","","","","","","","","","","","","","","","","","","","","","0","0","Standard Margine Pipeline - Non-Corporate","11/30/2014","180000","0"
"601","Wholesale Fashion Square","","6/6/2014","","","","","","","","","William Harrison","","Consumer & Retail - Apparel","","","","","","","","","","","","IBS to Practice",""," ","","","William Harrison","","","","","","","","","","","","","","","","","","","","","","","","","Standard Margine Pipeline - Non-Corporate","","",""
"602","Wind River Environmental","11/4/2013","","4/1/2014","Project Wagon","","Closed","M&A - Sell-side,","Wheelhouse","7/3/2014","","Phil Seefried","","","$40000000","$25mm - $75mm","$50000000","$800000","400000","50000","","","0","1084480","","Corporate to Practice","Housatonic Partners","Phil Seefried","","","Phil Seefried","","","","","","","","","","","","","","","","","","","","","","","","","Standard Margine Pipeline - Non-Corporate","","",""
"604","Weiss Residential","","","","Weiss","","Closed","M&A - Sell-side","Minimum","7/31/2014","","Dave Francione","","","","","$1500000","","","","","","","","","Sole Sourced","","","","100%","Dave Francione","","","","","","","","","","","","","","","","","","","","","","","0","0","Standard Margine Pipeline - Non-Corporate","","",""
"605","APX","","9/8/2014","","","","Pre Market","","","","","Rick deNey","TMT","Technology/Media/Telecom - Tech - Software","","","","","","","","","","","","Sole Sourced","","","","100%","Rick deNey","","","","","","","","","","","","","","","","","","","","","","","0","0","Standard Margine Pipeline - Non-Corporate","","",""
"606","Clearwater Systems Corporation","8/13/2014","8/18/2014","","Clearwater Systems Corporation","","Pre Market","M&A - Sell-side","Minimum","","","Samrat Karnik","Industrials","Industrials - Technology - Controls, Instruments & Sensors","$4000000","","","$450000","450000","","","","10000","","Privately Owned","","","","","100%","Samrat Karnik","","","","","","","","","","","","","","","","","","","","","","","0","0","Standard Margine Pipeline - Non-Corporate","","",""
"607","Creative Electronics Systems","10/13/2010","10/2/2014","","Creative Electronics Systems","","","","","","","Jerry Sturgill","","Technology/Media/Telecom - Tech - Hardware","","","","","","","","","","","","Sole Sourced","","","","100%","Jerry Sturgill","","","","","","","","","","","","","","","","","","","","","","","0","0","Standard Margine Pipeline - Non-Corporate","","",""
"608","DESO, Inc.","","8/18/2014","","","","Pre Market","","","","","CJ Hummel","Energy & Natural Resources","Energy & Natural Resources - Pipeline","","","","","","","","","","","","","","","","100%","CJ Hummel","","","","","","","","","","","","","","","","","","","","","","","0","0","Standard Margine Pipeline - Non-Corporate","","",""
"609","Diva Limousine","10/6/2014","10/2/2014","","Project Black Tie","","In Market","M&A - Sell-side","Minimum","","","Tyler Comann","Business Services","Business Services - Distribution, Transportation & Logistics","","","","$200000","150000","","","","15000","","Privately Owned","Corporate to Practice","","","","100%","Tyler Comann","","","","","","","","","","","","","","","","","","","","","","","0","0","Standard Margine Pipeline - Non-Corporate","","",""
"610","DPRA","10/2/2014","9/30/2014","","DPRA","","Pre Market","M&A - Sell-side","Wheelhouse","","","David Brinkley","Industrials","Industrials - Aerospace/Defense","$12000000","$10mm - $25mm","","$550000","500000","","","","15000","","Privately Owned","Sole Sourced","","","","100%","David Brinkley","","","","","","","","","","","","","","","","","","","","","","","0","0","Standard Margine Pipeline - Non-Corporate","","",""
"611","Dyersdale Energy LP","9/10/2014","9/8/2014","12/14/2014","Dyersdale Energy LP","","In Market","M&A - Sell-side,Divestiture","Wheelhouse","","","Macy/Pietravalle","Energy & Natural Resources","Energy & Natural Resources - Oil & Gas - E&P","$35000000","$25mm - $75mm","","$500000","","","","","10000","","Privately Owned","Practice to Practice","","","","100%","Macy/Pietravalle","","","","","","","","","","","","","","","","","","","","","","","0","0","Standard Margine Pipeline - Non-Corporate","","",""
"612","Elbit Kinetics","","8/18/2014","","Elbit Kinetics","","Pre Market","","","","","Tess Oxenstierna","Industrials","Industrials - Aerospace/Defense","","","","","","","","","","","","Sole Sourced","","","","100%","Tess Oxenstierna","","","","","","","","","","","","","","","","","","","","","","","0","0","Standard Margine Pipeline - Non-Corporate","","",""
"613","Energy C2","8/27/2014","8/18/2014","","Energy C2","","Pre Market","Capital Formation - Debt","Wheelhouse","","","Mike Swartz","Energy & Natural Resources","Energy & Natural Resources - Alternative - Solar","$98000000","$75mm - $100mm","","$3275000","","","","","5000","","Privately Owned","IBS to Practice","Energy C2","","","50%","Mike Swartz","50%","CJ Hummel","","","","","","","","","","","","","","","","","","","","","0","0","Standard Margine Pipeline - Non-Corporate","","",""
"614","Environmental Tectonics Corp.","","8/25/2014","","Environmental Tectonics Corp.","","Pre Market","","","","","Tess Oxenstierna","Industrials","Industrials - Aerospace/Defense","","","","","","","","","","","","Sole Sourced","","","","100%","Tess Oxenstierna","","","","","","","","","","","","","","","","","","","","","","","0","0","Standard Margine Pipeline - Non-Corporate","","",""
"615","Kirusa","9/30/2014","8/29/2014","","Kirusa","","Pre Market","Capital Formation - Equity,M&A - Sell-side","Wheelhouse","","","Gary Moon","TMT","Technology/Media/Telecom - Tech - Software","$30000000","$25mm - $75mm","","$900000","500000","","","","10000","","Privately Owned","Sole Sourced","","","","100%","Gary Moon","","","","","","","","","","","","","","","","","","","","","","","0","0","Standard Margine Pipeline - Non-Corporate","","",""
"616","Loop Transportation","9/17/2014","","","Project Stage Coach","","In Market","M&A - Sell-side","Minimum","","","Tyler Comann","Business Services","Business Services - Distribution, Transportation & Logistics","$10000000","< $10mm","","$450000","300000","","","","7500","","Privately Owned","Sole Sourced","","","","100%","Tyler Comann","","","","","","","","","","","","","","","","","","","","","","","0","0","Standard Margine Pipeline - Non-Corporate","","",""
"617","National Financial Companies","8/26/2014","7/25/2014","","Timer","","Pre Market","M&A - Buy-side","Speculative","","","Len LaPorta","Industrials","Industrials - Aerospace/Defense","","","","$400000","400000","15000","","","15000","","Privately Owned","SC to Practice","Headwaters SC","","","100%","Len LaPorta","","","","","","","","","","","","","","","","","","","","","","","0","0","Standard Margine Pipeline - Non-Corporate","","",""
"618","Pacific Operators Offshore","7/21/2014","7/16/2014","","Project Grizzly","","Pre Market","Capital Formation - Debt,Capital Formation - Equity","Wheelhouse","","","Macy/Pietravalle","Energy & Natural Resources","Energy & Natural Resources - Oil & Gas - E&P","$50000000","$25mm - $75mm","","$1500000","450000","20000","","","10000","","Privately Owned","IBS to Practice","Pacific Operators Offshore","","","100%","Macy/Pietravalle","","","","","","","","","","","","","","","","","","","","","","","0","0","Standard Margine Pipeline - Non-Corporate","","",""
"619","PAREX USA","9/24/2014","9/29/2014","","PAREX USA","","In Market","M&A - Buy-side","Minimum","","","Grant Garbers","Industrials","Industrials - Building Products & Construction Services","$15000000","$10mm - $25mm","","$275000","450000","50000","","","","","Privately Owned","Sole Sourced","","","","50%","Grant Garbers","50%","Peter Nam","","","","","","","","","","","","","","","","","","","","","0","0","Standard Margine Pipeline - Non-Corporate","","",""
"620","Silescent Lighting Corp.","9/12/2014","8/18/2014","","Project Quiet","","Pre Market","M&A - Sell-side","Wheelhouse","","","Rick deNey","Industrials","Industrials - Technology","$25000000","$10mm - $25mm","","$625000","250000","50000","","","","","Privately Owned","IBS to Practice","Silescent Lighting Corp.","","","100%","Rick deNey","","","","","","","","","","","","","","","","","","","","","","","0","0","Standard Margine Pipeline - Non-Corporate","","",""
"621","SpiralEdge","8/25/2014","8/18/2014","","SpiralEdge","","Pre Market","M&A - Sell-side","Wheelhouse","","","Gary Moon","TMT","Technology/Media/Telecom - Other","$80000000","$75mm - $100mm","","$1000000","800000","","","","15000","","Privately Owned","IBS to Practice","SpiralEdge","","","100%","Gary Moon","","","","","","","","","","","","","","","","","","","","","","","0","0","Standard Margine Pipeline - Non-Corporate","","",""
"622","Tellagence","9/30/2014","9/22/2014","","Tellagence","","Pre Market","M&A - Sell-side","Speculative","","","Sun Jen Yung","TMT","Technology/Media/Telecom - Media - Internet Media and Marketing","$15000000","$10mm - $25mm","","$500000","","","","","10000","","Privately Owned","Sole Sourced","","","","100%","Sun Jen Yung","","","","","","","","","","","","","","","","","","","","","","","0","0","Standard Margine Pipeline - Non-Corporate","","",""